<?xml version="1.0" encoding="UTF-8"?>
<model package="seodomains" baseClass="xPDOObject" platform="mysql" defaultEngine="InnoDB" phpdoc-package="seodomains"
       version="1.0">

    <object class="SeodomainsCity" table="seodomains_city" extends="xPDOSimpleObject">
        <field key="domain" dbtype="varchar" precision="255" phptype="string" null="false" default=""/>
        <field key="city" dbtype="varchar" precision="255" phptype="string" null="false" default=""/>
        <field key="city_r" dbtype="varchar" precision="255" phptype="string" null="false" default=""/>
        <field key="phone" dbtype="varchar" precision="255" phptype="string" null="false" default=""/>
        <field key="email" dbtype="varchar" precision="255" phptype="string" null="false" default=""/>
        <field key="address" dbtype="varchar" precision="255" phptype="string" null="false" default=""/>
        <field key="address_full" dbtype="varchar" precision="255" phptype="string" null="false" default=""/>
        <field key="address_coordinats" dbtype="varchar" precision="255" phptype="string" null="false" default=""/>
    </object>
    
    <object class="SeodomainsMorefields" table="seodomains_morefields" extends="xPDOSimpleObject">
        <field key="domain" dbtype="int" precision="11" phptype="integer" null="false" default=""/>
        <field key="name" dbtype="varchar" precision="255" phptype="string" null="false" default=""/>
        <field key="key" dbtype="varchar" precision="255" phptype="string" null="false" default=""/>
        <field key="value" dbtype="text" phptype="string" null="false" default=""/>
    </object>

    <object class="SeodomainsResource" table="seodomains_resource" extends="xPDOSimpleObject">
        <field key="domain" dbtype="int" precision="11" phptype="integer" null="false" default=""/>
        <field key="resource" dbtype="int" precision="11" phptype="integer" null="false" default=""/>
        <field key="content" dbtype="text" phptype="string" null="false" default=""/>
    </object>
</model>