<?xml version="1.0" encoding="UTF-8"?>
<model package="msorderanalytics" baseClass="xPDOObject" platform="mysql" defaultEngine="MyISAM" phpdoc-package="msorderanalytics" version="1.1">


    <object class="msoaObject" table="msorderanalytics_objects" extends="xPDOSimpleObject">
        <field key="parent" dbtype="int" precision="10" attributes="unsigned" phptype="integer" null="false" default="0"/>
        <field key="class" dbtype="varchar" precision="100" phptype="string" null="false" default="modResource"/>
        <field key="group" dbtype="varchar" precision="40" phptype="string" null="false" default=""/>
        <field key="name" dbtype="varchar" precision="100" phptype="string" null="false" default=""/>
        <field key="description" dbtype="text" phptype="text" null="true" default=""/>
        <field key="active" dbtype="tinyint" precision="1" phptype="boolean" null="true" default="1"/>
        <field key="properties" dbtype="text" phptype="json" null="true"/>

        <index alias="parent" name="parent" primary="false" unique="false" type="BTREE">
            <column key="parent" length="" collation="A" null="false"/>
        </index>
        <index alias="class" name="class" primary="false" unique="false" type="BTREE">
            <column key="class" length="" collation="A" null="false"/>
        </index>
        <index alias="group" name="group" primary="false" unique="false" type="BTREE">
            <column key="group" length="" collation="A" null="false"/>
        </index>
        <index alias="name" name="name" primary="false" unique="false" type="BTREE">
            <column key="name" length="" collation="A" null="false"/>
        </index>
        <index alias="active" name="active" primary="false" unique="false" type="BTREE">
            <column key="active" length="" collation="A" null="false"/>
        </index>

        <aggregate alias="Parent" class="modResource" local="parent" foreign="id" cardinality="one" owner="foreign">
            <criteria target="local"><![CDATA[
            {"class":"modResource"}
            ]]></criteria>
        </aggregate>
    </object>


</model>